bus,time,E_soc
sourcebus,0,0.0
sourcebus,1,0.0
sourcebus,2,0.0
sourcebus,3,0.0
sourcebus,4,0.0
sourcebus,5,0.0
sourcebus,6,0.0
sourcebus,7,0.0
sourcebus,8,0.0
sourcebus,9,0.0
sourcebus,10,0.0
sourcebus,11,0.0
sourcebus,12,0.0
sourcebus,13,0.0
sourcebus,14,0.0
sourcebus,15,0.0
sourcebus,16,0.0
sourcebus,17,0.0
sourcebus,18,0.0
sourcebus,19,0.0
sourcebus,20,0.0
sourcebus,21,0.0
sourcebus,22,0.0
sourcebus,23,0.0
sourcebus,24,0.0
loadbus,0,100.0
loadbus,1,100.0
loadbus,2,91.47368421052632
loadbus,3,91.47368421052632
loadbus,4,91.47368421052632
loadbus,5,91.47368421052632
loadbus,6,91.47368421052632
loadbus,7,90.47368421052632
loadbus,8,37.8421052631579
loadbus,9,-0.0
loadbus,10,0.0
loadbus,11,47.5
loadbus,12,95.0
loadbus,13,142.5
loadbus,14,174.8475
loadbus,15,200.0
loadbus,16,200.0
loadbus,17,178.94736842105263
loadbus,18,140.56815789473683
loadbus,19,87.93657894736842
loadbus,20,35.305
loadbus,21,35.305
loadbus,22,39.1525
loadbus,23,77.1525
loadbus,24,100.0
