bus,time,P_import,P_export,P_pv,Q_ch,Q_dis,PumpBusLoad
sourcebus,0,400.0,0.0,0.0,0.0,0.0,0.0
sourcebus,1,350.0,0.0,0.0,0.0,0.0,0.0
sourcebus,2,355.2631578947368,0.0,0.0,0.0,0.0,0.0
sourcebus,3,450.0,0.0,0.0,0.0,0.0,0.0
sourcebus,4,550.0,0.0,0.0,0.0,0.0,0.0
sourcebus,5,700.0,0.0,0.0,0.0,0.0,0.0
sourcebus,6,870.9475776720047,0.0,0.0,0.0,0.0,0.0
sourcebus,7,905.9475776720047,0.0,0.0,0.0,0.0,0.0
sourcebus,8,860.0,0.0,0.0,0.0,0.0,0.0
sourcebus,9,790.0,0.0,0.0,0.0,0.0,0.0
sourcebus,10,745.9475776720047,0.0,0.0,0.0,0.0,0.0
sourcebus,11,655.0,0.0,0.0,0.0,0.0,0.0
sourcebus,12,675.9475776720047,0.0,0.0,0.0,0.0,0.0
sourcebus,13,730.9475776720047,0.0,0.0,0.0,0.0,0.0
sourcebus,14,795.9475776720047,0.0,0.0,0.0,0.0,0.0
sourcebus,15,915.9475776720047,0.0,0.0,0.0,0.0,0.0
sourcebus,16,920.0,0.0,0.0,0.0,0.0,0.0
sourcebus,17,880.0,0.0,0.0,0.0,0.0,0.0
sourcebus,18,895.0,0.0,0.0,0.0,0.0,0.0
sourcebus,19,800.0,0.0,0.0,0.0,0.0,0.0
sourcebus,20,750.0,0.0,0.0,0.0,0.0,0.0
sourcebus,21,731.2107355667415,0.0,0.0,0.0,0.0,0.0
sourcebus,22,675.9475776720047,0.0,0.0,0.0,0.0,0.0
sourcebus,23,550.0,0.0,0.0,0.0,0.0,0.0
loadbus,0,0.0,0.0,0.0,0.0,0.0,0.0
loadbus,1,0.0,0.0,0.0,0.0,0.0,0.0
loadbus,2,0.0,0.0,0.0,5.2631578947368425,0.0,0.0
loadbus,3,0.0,0.0,0.0,50.0,0.0,0.0
loadbus,4,0.0,0.0,0.0,50.0,0.0,0.0
loadbus,5,0.0,0.0,0.0,0.0,0.0,0.0
loadbus,6,0.0,0.0,5.0,0.0,0.0,25.9475776720047
loadbus,7,0.0,0.0,20.0,0.0,0.0,25.9475776720047
loadbus,8,0.0,0.0,40.0,0.0,0.0,0.0
loadbus,9,0.0,0.0,60.0,0.0,0.0,0.0
loadbus,10,0.0,0.0,80.0,0.0,0.0,25.9475776720047
loadbus,11,0.0,0.0,95.0,0.0,0.0,0.0
loadbus,12,0.0,0.0,100.0,0.0,0.0,25.9475776720047
loadbus,13,0.0,0.0,95.0,0.0,0.0,25.9475776720047
loadbus,14,0.0,0.0,80.0,-0.0,0.0,25.9475776720047
loadbus,15,0.0,0.0,60.0,-0.0,0.0,25.9475776720047
loadbus,16,0.0,0.0,40.0,0.0,40.00000000000001,0.0
loadbus,17,0.0,0.0,20.0,0.0,50.0,0.0
loadbus,18,0.0,0.0,5.0,0.0,0.0,0.0
loadbus,19,0.0,0.0,0.0,0.0,50.0,0.0
loadbus,20,0.0,0.0,0.0,0.0,50.0,0.0
loadbus,21,0.0,0.0,0.0,5.263157894736844,0.0,25.9475776720047
loadbus,22,0.0,0.0,0.0,50.0,0.0,25.9475776720047
loadbus,23,0.0,0.0,0.0,50.0,0.0,-0.0
